at,gate,outcome,runtime,environment,evidence,output_sha256
2026-09-21T22:13:19Z,gate-version,red-capable,0.1.0,python 3.14.2 on Darwin arm64,plants gate-version: gate-version control: 3 of 3 planted defect(s) named; baseline green,6db4a4d255683cec6dc95eeb43e41a3a7e4f9abadd7b9e869a736e5e1fdbf745
2026-09-21T22:13:19Z,gate-claims,red-capable,0.1.0,python 3.14.2 on Darwin arm64,tests/test_claims.py: 37 test(s),a1fe995a121a118da3c5de8c62ffe2317c7f97f7a6d3d77faf5a7a1c08b6a61c
2026-09-21T22:13:19Z,gate-spec,red-capable,0.1.0,python 3.14.2 on Darwin arm64,tests/test_spec.py: 65 test(s),c97909f5d8a9f17575601c43b39f520c5396881483081cf882197eff647168fa
2026-09-21T22:13:19Z,gate-spec-mirror,red-capable,0.1.0,python 3.14.2 on Darwin arm64,tests/test_spec_bundle.py: 31 test(s),5469eabc855ee44da8ed8c0f0c9d3932b4c6e7c0b709ff15f4e2bfa896a76b19
2026-09-21T22:13:19Z,gate-countermand,red-capable,0.1.0,python 3.14.2 on Darwin arm64,tests/test_countermand.py: 39 test(s),8bec1ee0ae581239376f93e853896f25930687b697f42461e9e775c4c197163e
2026-09-21T22:13:19Z,gate-copy,red-capable,0.1.0,python 3.14.2 on Darwin arm64,tests/test_copy_vocabulary.py: 24 test(s),d2a3dd9a4a387ab4e384546d161a8f269a8f01ac2d98cbb50b353479e01046cd
2026-09-21T22:13:19Z,gate-governance,red-capable,0.1.0,python 3.14.2 on Darwin arm64,tests/test_governance.py: 20 test(s),8a4108a315e403198fa68cd24316f02516f43077930039eee8dd1414d509d0ca
2026-09-21T22:13:19Z,gate-calibration,red-capable,0.1.0,python 3.14.2 on Darwin arm64,tests/test_calibration.py: 29 test(s),7dced5d7bbdd62ef0adc3022a2798fef67ad30c5731f3244db6f521cd23acd68
2026-09-21T22:13:19Z,gate-isolation,red-capable,0.1.0,python 3.14.2 on Darwin arm64,tests/test_no_corpus_literals.py: 13 test(s),aef0da4aa9f250ddfbc4b15cb1b9425bd25251d63be86a624d0cc8ac3c5558db
2026-09-21T22:13:19Z,gate-manifest,red-capable,0.1.0,python 3.14.2 on Darwin arm64,tests/test_manifest.py: 8 test(s),63012a527d5345c9592ded45b77e81c37b7591209e0bee601d9159b92162d302
2026-09-21T22:13:19Z,gate-contract,red-capable,0.1.0,python 3.14.2 on Darwin arm64,tests/test_contract_gate.py: 4 test(s),7948dcdfe5c337a6461c01d94bbabff58f026dd9444d596c4ff35cdc14e87b48
2026-09-21T22:13:19Z,gate-imports,red-capable,0.1.0,python 3.14.2 on Darwin arm64,tests/test_imports_gate.py: 8 test(s),0da4186617add49d579a26e69ae04b9d534bca199c5221d2346bf5693cc3e083
2026-09-21T22:13:19Z,gate-shadow,red-capable,0.1.0,python 3.14.2 on Darwin arm64,tests/test_no_stdlib_shadow.py: 6 test(s),f270f7250fd21725abacb687de7c5eee81b22bd7da4857bcbbcdec8887a55e3d
2026-09-21T22:13:19Z,gate-sandbox,red-capable,0.1.0,python 3.14.2 on Darwin arm64,"script tools/negative_controls/sandbox_control.sh: sandbox-control: 6 of 6 mutant(s) RED-CAPABLE, each red naming the planted defect | tests/test_sandbox.py: 39 test(s)",6be6b18fb733f49f3b95a2b38f0cfea680e19eb440c4729782ca5022a97d8e4e
2026-09-21T22:13:19Z,gate-reviewer,red-capable,0.1.0,python 3.14.2 on Darwin arm64,plants gate-reviewer: gate-reviewer control: 3 of 3 planted defect(s) named; baseline green,b4238514813d08d1236305149493a61f358bad0fcf914ff1f276698dc51e77a7
2026-09-21T22:13:19Z,gate-provenance,red-capable,0.1.0,python 3.14.2 on Darwin arm64,"script tools/negative_controls/provenance_control.sh: provenance-control: 6 of 6 mutant(s) RED-CAPABLE, each red naming the planted defect | script tools/negative_controls/heldout/provenance_heldout.sh: provenance-heldout: 4 of 4 held-out mutant(s) RED-CAPABLE",a8851520852fb85f7abb7f453d9da4676b3b970b6a9ec40800a26b24a667a685
2026-09-21T22:13:19Z,gate-heldout,red-capable,0.1.0,python 3.14.2 on Darwin arm64,plants gate-heldout: gate-heldout control: 3 of 3 planted defect(s) named; baseline green,0f7e01ce588dbfcdc27b23a8aee43c8ff4e262e70a6a223294bd7b1e9414ce1c
2026-09-21T22:13:19Z,gate-swap,red-capable,0.1.0,python 3.14.2 on Darwin arm64,tests/test_swap.py: 4 test(s),e615f64b7e885256385abe8d37f3aa5b239a092dd21076df701b323c098b476a
2026-09-21T22:13:19Z,gate-bindings,red-capable,0.1.0,python 3.14.2 on Darwin arm64,plants gate-bindings: gate-bindings control: 3 of 3 planted defect(s) named; baseline green,660c8871c13c527467aca8eb7b8ea30b1972755d8dbb18ba2156fb8d8b0cd029
2026-09-21T22:13:19Z,gate-permissions,red-capable,0.1.0,python 3.14.2 on Darwin arm64,tests/test_permissions_gate.py: 12 test(s),ae5bc853d2586b7c7f0aee7a618c20dc37cf8a9fe9d44f8d3ebbefdbb49be7ff
2026-09-21T22:15:32Z,gate-version,red-capable,0.1.0,python 3.14.4 on Darwin arm64,plants gate-version: gate-version control: 3 of 3 planted defect(s) named; baseline green,6db4a4d255683cec6dc95eeb43e41a3a7e4f9abadd7b9e869a736e5e1fdbf745
2026-09-21T22:15:32Z,gate-claims,red-capable,0.1.0,python 3.14.4 on Darwin arm64,tests/test_claims.py: 37 test(s),27bb76b2cf560998695f0bf765717a39f9e04c8be3004e4a7875453b10755c3e
2026-09-21T22:15:32Z,gate-spec,red-capable,0.1.0,python 3.14.4 on Darwin arm64,tests/test_spec.py: 65 test(s),1881377eb59d4929078efb570fe98801d5d18e4885934fdadd4b4a5dca828f43
2026-09-21T22:15:32Z,gate-spec-mirror,red-capable,0.1.0,python 3.14.4 on Darwin arm64,tests/test_spec_bundle.py: 31 test(s),47dbddde279dd74775f01292cc245ad0ac16f08b84c4c1673b88e88f0dea451b
2026-09-21T22:15:32Z,gate-countermand,red-capable,0.1.0,python 3.14.4 on Darwin arm64,tests/test_countermand.py: 39 test(s),99b76e614c203414da2c3cdcd2cc93360d841f37a9e41c86ec482c47783cdb2d
2026-09-21T22:15:32Z,gate-copy,red-capable,0.1.0,python 3.14.4 on Darwin arm64,tests/test_copy_vocabulary.py: 24 test(s),17bd39dd375da976f7d9e22ce8b9642a896af4fb1443cd7f450b5d289df8aa57
2026-09-21T22:15:32Z,gate-governance,red-capable,0.1.0,python 3.14.4 on Darwin arm64,tests/test_governance.py: 20 test(s),02695d4cd94183a7a7432c1f58e71c01c999d2f8641136e6b2e3232c2727e56c
2026-09-21T22:15:32Z,gate-calibration,red-capable,0.1.0,python 3.14.4 on Darwin arm64,tests/test_calibration.py: 29 test(s),9ea6072d7540788eb19cb06d9c873b38e2664cb6c449869e57111308db865ab2
2026-09-21T22:15:32Z,gate-isolation,red-capable,0.1.0,python 3.14.4 on Darwin arm64,tests/test_no_corpus_literals.py: 13 test(s),604d7581f4e83cb6db8884d1b3b1ff9fd422a7ee70df6ab82ad754a126050628
2026-09-21T22:15:32Z,gate-manifest,red-capable,0.1.0,python 3.14.4 on Darwin arm64,tests/test_manifest.py: 8 test(s),4e63d22cdf4271c6a9ba05460c65c791f0520de365e58183a9e0337510eeeef8
2026-09-21T22:15:32Z,gate-contract,red-capable,0.1.0,python 3.14.4 on Darwin arm64,tests/test_contract_gate.py: 4 test(s),fb5d39648975ce6b78407c03dc84643c03bd4fbeb914ca765e5ad44ae47ae932
2026-09-21T22:15:32Z,gate-imports,red-capable,0.1.0,python 3.14.4 on Darwin arm64,tests/test_imports_gate.py: 8 test(s),dc68f918604ee2ec7f7fc20e238e5261f70090c1ee957ee825b679429edfbcce
2026-09-21T22:15:32Z,gate-shadow,red-capable,0.1.0,python 3.14.4 on Darwin arm64,tests/test_no_stdlib_shadow.py: 6 test(s),c5f8a5046f8bfa679ab714b17a5e1222d784f26b219c3f4a4001a2faaa58f641
2026-09-21T22:15:32Z,gate-sandbox,red-capable,0.1.0,python 3.14.4 on Darwin arm64,"script tools/negative_controls/sandbox_control.sh: sandbox-control: 6 of 6 mutant(s) RED-CAPABLE, each red naming the planted defect | tests/test_sandbox.py: 39 test(s)",44c48d824f6f0d4426267d3fb993c343c06768c87d924c8a448398255a6a7c35
2026-09-21T22:15:32Z,gate-reviewer,red-capable,0.1.0,python 3.14.4 on Darwin arm64,plants gate-reviewer: gate-reviewer control: 3 of 3 planted defect(s) named; baseline green,b4238514813d08d1236305149493a61f358bad0fcf914ff1f276698dc51e77a7
2026-09-21T22:15:32Z,gate-provenance,red-capable,0.1.0,python 3.14.4 on Darwin arm64,"script tools/negative_controls/provenance_control.sh: provenance-control: 6 of 6 mutant(s) RED-CAPABLE, each red naming the planted defect | script tools/negative_controls/heldout/provenance_heldout.sh: provenance-heldout: 4 of 4 held-out mutant(s) RED-CAPABLE",a8851520852fb85f7abb7f453d9da4676b3b970b6a9ec40800a26b24a667a685
2026-09-21T22:15:32Z,gate-heldout,red-capable,0.1.0,python 3.14.4 on Darwin arm64,plants gate-heldout: gate-heldout control: 3 of 3 planted defect(s) named; baseline green,cab87d7f004efb33bd4ecb4ce60b19deb486af26b0c61ae6ea33c0e6a7a1f7aa
2026-09-21T22:15:32Z,gate-swap,red-capable,0.1.0,python 3.14.4 on Darwin arm64,tests/test_swap.py: 4 test(s),b9387fc575b47fae2b2b30f840ba4981179d208dab45ea45b6b14cbabdd0f7f6
2026-09-21T22:15:32Z,gate-bindings,red-capable,0.1.0,python 3.14.4 on Darwin arm64,plants gate-bindings: gate-bindings control: 3 of 3 planted defect(s) named; baseline green,4b01da5a785794061eb9e5964e5f9ebb640da5495ac76c68b39657b2bae139a7
2026-09-21T22:15:32Z,gate-permissions,red-capable,0.1.0,python 3.14.4 on Darwin arm64,tests/test_permissions_gate.py: 12 test(s),5e15455ddc4e3c5b447e2978d3eff6900796e8bc3d18ab2833c680b41e2971f5
2026-09-21T22:17:28Z,gate-claims,red-capable,0.1.0,python 3.14.2 on Darwin arm64,tests/test_claims.py: 37 test(s),d5211ffc7e93494b75f5854406aaab4a9a57b27276de7f89094e24965cb405ec
2026-09-21T22:17:28Z,gate-records-mirror,red-capable,0.1.0,python 3.14.2 on Darwin arm64,tests/test_records_bundle.py: 17 test(s),38b3e29c3213405a23bdf1f85181b9be3db0882072652f4d6f19e4949d561041
2026-09-21T22:23:32Z,gate-version,red-capable,0.1.0,python 3.14.2 on Darwin arm64,plants gate-version: gate-version control: 3 of 3 planted defect(s) named; baseline green,6db4a4d255683cec6dc95eeb43e41a3a7e4f9abadd7b9e869a736e5e1fdbf745
2026-09-21T22:23:32Z,gate-claims,red-capable,0.1.0,python 3.14.2 on Darwin arm64,tests/test_claims.py: 37 test(s),d23a8f42a9cf0daa6916634085bceda12b85432172c1f3c7043226ba4b2a30f6
2026-09-21T22:23:32Z,gate-spec,red-capable,0.1.0,python 3.14.2 on Darwin arm64,tests/test_spec.py: 65 test(s),f8a97cb6c064b9149e0b46429e56b96ec6919bca4b9113e22a194f45af2175cc
2026-09-21T22:23:32Z,gate-spec-mirror,red-capable,0.1.0,python 3.14.2 on Darwin arm64,tests/test_spec_bundle.py: 31 test(s),7c3246dcd8e4748158948ae87f7b5b1ebd6349548aa6de676789aaafb9dfb0e2
2026-09-21T22:23:32Z,gate-records-mirror,red-capable,0.1.0,python 3.14.2 on Darwin arm64,tests/test_records_bundle.py: 17 test(s),2234f3163cecd87f3f55d212492a6a017e9ab00b4bf1d3ec266d5424443ab620
2026-09-21T22:23:32Z,gate-countermand,red-capable,0.1.0,python 3.14.2 on Darwin arm64,tests/test_countermand.py: 39 test(s),8bec1ee0ae581239376f93e853896f25930687b697f42461e9e775c4c197163e
2026-09-21T22:23:32Z,gate-copy,red-capable,0.1.0,python 3.14.2 on Darwin arm64,tests/test_copy_vocabulary.py: 24 test(s),fd3b635a982acb394dd840b9b107f77c6ef83411fc37ad048533ef4626cf9f70
2026-09-21T22:23:32Z,gate-governance,red-capable,0.1.0,python 3.14.2 on Darwin arm64,tests/test_governance.py: 20 test(s),8a4108a315e403198fa68cd24316f02516f43077930039eee8dd1414d509d0ca
2026-09-21T22:23:32Z,gate-calibration,red-capable,0.1.0,python 3.14.2 on Darwin arm64,tests/test_calibration.py: 29 test(s),38a93180cfcaf047dd274981b19c80c09125bfe1d4b4c76f8b9741279dad1b13
2026-09-21T22:23:32Z,gate-isolation,red-capable,0.1.0,python 3.14.2 on Darwin arm64,tests/test_no_corpus_literals.py: 13 test(s),ce176de22da2b2dc8fa53e85b15577713cc50db34f6bdb741fa885f4ee6c774c
2026-09-21T22:23:32Z,gate-manifest,red-capable,0.1.0,python 3.14.2 on Darwin arm64,tests/test_manifest.py: 8 test(s),afaddb853b5d654a0673b2cda71ec2f1afce70bbe24be8d41fd9eea10ab35910
2026-09-21T22:23:32Z,gate-contract,red-capable,0.1.0,python 3.14.2 on Darwin arm64,tests/test_contract_gate.py: 4 test(s),036440790e1c5a8bc33972b5ba0f2dd2fcf38cc9c8dc9a3c6830e8bae8043a41
2026-09-21T22:23:32Z,gate-imports,red-capable,0.1.0,python 3.14.2 on Darwin arm64,tests/test_imports_gate.py: 8 test(s),e5f1ccb475c5fe76012347fb276a3956395cd6d11accef587e6ecb002dce2352
2026-09-21T22:23:32Z,gate-shadow,red-capable,0.1.0,python 3.14.2 on Darwin arm64,tests/test_no_stdlib_shadow.py: 6 test(s),13e5b7a3ddf401d4a5b37ec62447a630163a3ba494f057bf9cd71764c18605dd
2026-09-21T22:23:32Z,gate-sandbox,red-capable,0.1.0,python 3.14.2 on Darwin arm64,"script tools/negative_controls/sandbox_control.sh: sandbox-control: 6 of 6 mutant(s) RED-CAPABLE, each red naming the planted defect | tests/test_sandbox.py: 39 test(s)",0fe698ad399e16d0193b15cb64084ad5300e5d8f6b4346165f3cf14ea56655fb
2026-09-21T22:23:32Z,gate-reviewer,red-capable,0.1.0,python 3.14.2 on Darwin arm64,plants gate-reviewer: gate-reviewer control: 3 of 3 planted defect(s) named; baseline green,b4238514813d08d1236305149493a61f358bad0fcf914ff1f276698dc51e77a7
2026-09-21T22:23:32Z,gate-provenance,red-capable,0.1.0,python 3.14.2 on Darwin arm64,"script tools/negative_controls/provenance_control.sh: provenance-control: 6 of 6 mutant(s) RED-CAPABLE, each red naming the planted defect | heldout gate-provenance: provenance-heldout: 4 of 4 held-out mutant(s) RED-CAPABLE",a8851520852fb85f7abb7f453d9da4676b3b970b6a9ec40800a26b24a667a685
2026-09-21T22:23:32Z,gate-heldout,red-capable,0.1.0,python 3.14.2 on Darwin arm64,plants gate-heldout: gate-heldout control: 3 of 3 planted defect(s) named; baseline green,c6002a62fe9c1840fa7f694847ac451bcf46250685fc74446993a88be0185eee
2026-09-21T22:23:32Z,gate-swap,red-capable,0.1.0,python 3.14.2 on Darwin arm64,tests/test_swap.py: 4 test(s),5d2bdf76d0eada0dde52e7a3b8bb9453232889b3e71c8262a2d59e55a108d996
2026-09-21T22:23:32Z,gate-bindings,red-capable,0.1.0,python 3.14.2 on Darwin arm64,plants gate-bindings: gate-bindings control: 3 of 3 planted defect(s) named; baseline green,59760e533f21ea0932da86bb64a5a33cdcf7b3afe80b35f47bd4b5d2038681f9
2026-09-21T22:23:32Z,gate-permissions,red-capable,0.1.0,python 3.14.2 on Darwin arm64,tests/test_permissions_gate.py: 12 test(s),ecef55b29a7401216cb8ff0f92e497b5663bb3226bd7a7fe1b8b0f7f361cf92b
2026-09-21T23:00:37Z,gate-version,red-capable,0.1.0,python 3.14.2 on Darwin arm64,plants gate-version: gate-version control: 3 of 3 planted defect(s) named; baseline green | heldout gate-version: gate-version-heldout: 5 of 5 held-out mutant(s) RED-CAPABLE,507d15f3c9682dfa6f6c70a5e8fea2e21f2586557a1a365be659bf4a3705ad84
2026-09-21T23:00:37Z,gate-claims,red-capable,0.1.0,python 3.14.2 on Darwin arm64,tests/test_claims.py: 37 test(s) | heldout gate-claims: gate-claims-heldout: 8 of 8 held-out mutant(s) RED-CAPABLE,0d04f7f2e775d176e4adf0735814860dc792dce752220b79f1dd8b2154a87cb6
2026-09-21T23:00:37Z,gate-spec,red-capable,0.1.0,python 3.14.2 on Darwin arm64,tests/test_spec.py: 65 test(s) | heldout gate-spec: gate-spec-heldout: 8 of 8 held-out mutant(s) RED-CAPABLE,fd4338931ebe1a6a7155f3a49d21e8c0fb00fc8a2efc1983ef90ab87b93df6f2
2026-09-21T23:00:37Z,gate-spec-mirror,red-capable,0.1.0,python 3.14.2 on Darwin arm64,tests/test_spec_bundle.py: 39 test(s) | heldout gate-spec-mirror: gate-spec-mirror-heldout: 8 of 8 held-out mutant(s) RED-CAPABLE,bae4f0daf8a5d7c6735a4870e6b2a781b3883c1113c17613482e68a493ac150a
2026-09-21T23:00:37Z,gate-records-mirror,red-capable,0.1.0,python 3.14.2 on Darwin arm64,tests/test_records_bundle.py: 22 test(s) | heldout gate-records-mirror: gate-records-mirror-heldout: 8 of 8 held-out mutant(s) RED-CAPABLE,7d0c0bfff7490b8a9a098910e3589492f32bf67ef217da006a3a5b719395d4e2
2026-09-21T23:00:37Z,gate-countermand,red-capable,0.1.0,python 3.14.2 on Darwin arm64,tests/test_countermand.py: 39 test(s) | heldout gate-countermand: gate-countermand-heldout: 7 of 7 held-out mutant(s) RED-CAPABLE,76c7257a24ec8058c88f05da73817f29195f9b0a803e65b5396abe6d61cea923
2026-09-21T23:00:37Z,gate-copy,red-capable,0.1.0,python 3.14.2 on Darwin arm64,tests/test_copy_vocabulary.py: 42 test(s) | heldout gate-copy: gate-copy-heldout: 9 of 9 held-out mutant(s) RED-CAPABLE,196c14cc89a8afd4694da9d9b73a85f8abc1ce8899f3a22e32acb9dd06cbc208
2026-09-21T23:00:37Z,gate-governance,red-capable,0.1.0,python 3.14.2 on Darwin arm64,tests/test_governance.py: 33 test(s) | heldout gate-governance: gate-governance-heldout: 8 of 8 held-out mutant(s) RED-CAPABLE,573d4ec02d71e4c985be7584d32227f84d22b095a387453f29b7ed9e483ac2dc
2026-09-21T23:00:37Z,gate-calibration,red-capable,0.1.0,python 3.14.2 on Darwin arm64,tests/test_calibration.py: 29 test(s) | heldout gate-calibration: gate-calibration-heldout: 10 of 10 held-out mutant(s) RED-CAPABLE,fc5036ca2865d6b262796a1d8a1c396dfee4839a6d5a1029482a1f231bde0ac7
2026-09-21T23:00:37Z,gate-isolation,red-capable,0.1.0,python 3.14.2 on Darwin arm64,tests/test_no_corpus_literals.py: 18 test(s) | heldout gate-isolation: gate-isolation-heldout: 7 of 7 held-out mutant(s) RED-CAPABLE,e3513b512f82aaef700f11843ce5cc01750e31aa91adf2ae3a790cb3b9ca64a7
2026-09-21T23:00:37Z,gate-manifest,red-capable,0.1.0,python 3.14.2 on Darwin arm64,tests/test_manifest.py: 20 test(s) | heldout gate-manifest: gate-manifest-heldout: 8 of 8 held-out mutant(s) RED-CAPABLE,4aca7e8287ca219ed8d93ae9623ca028653fc44d15f88cb1bc36a04f8343d3e4
2026-09-21T23:00:37Z,gate-contract,red-capable,0.1.0,python 3.14.2 on Darwin arm64,tests/test_contract_gate.py: 8 test(s) | heldout gate-contract: gate-contract-heldout: 7 of 7 held-out mutant(s) RED-CAPABLE,c5289778e1baa60e2af2e849bf46a1f71564e4a6d4990a59132f8289b3914b86
2026-09-21T23:00:37Z,gate-imports,red-capable,0.1.0,python 3.14.2 on Darwin arm64,tests/test_imports_gate.py: 17 test(s) | heldout gate-imports: gate-imports-heldout: 6 of 6 held-out mutant(s) RED-CAPABLE,7c988a72bff18a5e4704027bda4d7f09cef2c5daf7ef29c4bac5e94c54438557
2026-09-21T23:00:37Z,gate-shadow,red-capable,0.1.0,python 3.14.2 on Darwin arm64,tests/test_no_stdlib_shadow.py: 9 test(s) | heldout gate-shadow: gate-shadow-heldout: 6 of 6 held-out mutant(s) RED-CAPABLE,11033c50cdb479d5d82f22299391a7d2d518483420a56e42b5f772a248b7af5c
2026-09-21T23:00:37Z,gate-sandbox,red-capable,0.1.0,python 3.14.2 on Darwin arm64,"script tools/negative_controls/sandbox_control.sh: sandbox-control: 7 of 7 mutant(s) RED-CAPABLE, each red naming the planted defect | tests/test_sandbox.py: 43 test(s) | heldout gate-sandbox: gate-sandbox-heldout: 7 of 7 held-out mutant(s) RED-CAPABLE",d05f0b310b165ce0b43cd49436d73353d614f41eceb2fd842620e0885c1f40dc
2026-09-21T23:00:37Z,gate-reviewer,red-capable,0.1.0,python 3.14.2 on Darwin arm64,plants gate-reviewer: gate-reviewer control: 3 of 3 planted defect(s) named; baseline green | heldout gate-reviewer: gate-reviewer-heldout: 6 of 6 held-out mutant(s) RED-CAPABLE,68875ec0950d747e70c551a7ddc0306bff8294c4bc2c303fe90a6f07752fd72a
2026-09-21T23:00:37Z,gate-provenance,red-capable,0.1.0,python 3.14.2 on Darwin arm64,"script tools/negative_controls/provenance_control.sh: provenance-control: 6 of 6 mutant(s) RED-CAPABLE, each red naming the planted defect | heldout gate-provenance: provenance-heldout: 4 of 4 held-out mutant(s) RED-CAPABLE",a8851520852fb85f7abb7f453d9da4676b3b970b6a9ec40800a26b24a667a685
2026-09-21T23:00:37Z,gate-heldout,red-capable,0.1.0,python 3.14.2 on Darwin arm64,plants gate-heldout: gate-heldout control: 3 of 3 planted defect(s) named; baseline green | heldout gate-heldout: gate-heldout-heldout: 7 of 7 held-out mutant(s) RED-CAPABLE,495377020af645a12f4de8e7f580ac002fe5f096f0df31cf2e457469737a36a2
2026-09-21T23:00:37Z,gate-swap,red-capable,0.1.0,python 3.14.2 on Darwin arm64,tests/test_swap.py: 8 test(s) | heldout gate-swap: gate-swap-heldout: 5 of 5 held-out mutant(s) RED-CAPABLE,b3f9103abdc9de2b4ef5bd55a24ba6438a9fd937933ec347598b59911017e986
2026-09-21T23:00:37Z,gate-bindings,red-capable,0.1.0,python 3.14.2 on Darwin arm64,plants gate-bindings: gate-bindings control: 3 of 3 planted defect(s) named; baseline green | heldout gate-bindings: gate-bindings-heldout: 5 of 5 held-out mutant(s) RED-CAPABLE,945c2b20ee78d185222567b2436803a5255b2af8d3c5f352252234cb5e1dacb0
2026-09-21T23:00:37Z,gate-permissions,red-capable,0.1.0,python 3.14.2 on Darwin arm64,tests/test_permissions_gate.py: 12 test(s) | heldout gate-permissions: gate-permissions-heldout: 6 of 6 held-out mutant(s) RED-CAPABLE,05cfa94b7c127dccdd423c0a35221b3264eb609ed5200b3f36a1d4b642b44d92
2026-09-22T12:39:16Z,gate-membrane,red-capable,0.1.0,python 3.14.2 on Darwin arm64,"script tools/negative_controls/membrane_control.sh: membrane-control: 9 of 9 mutant(s) RED-CAPABLE, each red naming the planted defect | tests/test_membrane.py: 72 test(s)",b88e2b7f70d188e31cfbbde64a4d5d9f62db0edecf543753f2c7e40ae7df27ff
2026-09-22T13:21:23Z,gate-membrane,red-capable,0.1.0,python 3.14.2 on Darwin arm64,"script tools/negative_controls/membrane_control.sh: membrane-control: 14 of 14 mutant(s) RED-CAPABLE, each red naming the planted defect | tests/test_membrane.py: 114 test(s)",2f25f288dde44de286fb35b58b5c1dfd89bc3863fad1ebfb61eb67e8749d4290
2026-09-22T14:36:07Z,gate-membrane,red-capable,0.1.0,python 3.14.2 on Darwin arm64,"script tools/negative_controls/membrane_control.sh: membrane-control: 16 of 16 mutant(s) RED-CAPABLE, each red naming the planted defect | tests/test_membrane.py: 135 test(s)",8f5641559c228fe827ef8fc0230f459fe3054b139173b1fc8223dc61a8b3fd7e
2026-09-22T15:26:04Z,gate-membrane,red-capable,0.1.0,python 3.14.2 on Darwin arm64,"script tools/negative_controls/membrane_control.sh: membrane-control: 16 of 16 mutant(s) RED-CAPABLE, each red naming the planted defect | tests/test_membrane.py: 155 test(s)",914657f4412bb36a2f632049273164db1a5e9a841ca523256b6cb039a3b97c27
2026-09-23T02:57:40Z,gate-version,red-capable,0.1.0,python 3.14.2 on Darwin arm64,plants gate-version: gate-version control: 3 of 3 planted defect(s) named; baseline green | heldout gate-version: gate-version-heldout: 5 of 5 held-out mutant(s) RED-CAPABLE,507d15f3c9682dfa6f6c70a5e8fea2e21f2586557a1a365be659bf4a3705ad84
2026-09-23T02:57:40Z,gate-claims,red-capable,0.1.0,python 3.14.2 on Darwin arm64,tests/test_claims.py: 40 test(s) | heldout gate-claims: gate-claims-heldout: 8 of 8 held-out mutant(s) RED-CAPABLE,6f9b7b228063c171a73269a37b4f002a2ed1e146d9a4ea0db84a033f71b4c90d
2026-09-23T02:57:40Z,gate-spec,red-capable,0.1.0,python 3.14.2 on Darwin arm64,tests/test_spec.py: 72 test(s) | heldout gate-spec: gate-spec-heldout: 8 of 8 held-out mutant(s) RED-CAPABLE,f2b76d5d4f09385e0598e81694a3aced1d7afbe55bba8191893e8fe5d90991f7
2026-09-23T02:57:40Z,gate-spec-mirror,red-capable,0.1.0,python 3.14.2 on Darwin arm64,tests/test_spec_bundle.py: 43 test(s) | heldout gate-spec-mirror: gate-spec-mirror-heldout: 8 of 8 held-out mutant(s) RED-CAPABLE,c16b97e7554c303e1bc90c4e8538e0048de11604eafe7cb05297af55a6de2a98
2026-09-23T02:57:40Z,gate-records-mirror,red-capable,0.1.0,python 3.14.2 on Darwin arm64,tests/test_records_bundle.py: 90 test(s) | heldout gate-records-mirror: gate-records-mirror-heldout: 8 of 8 held-out mutant(s) RED-CAPABLE,463c2dd51d71208ee4c71176d88ee75378e0f5b994ad3787e8446a78f8c3e2f0
2026-09-23T02:57:40Z,gate-countermand,red-capable,0.1.0,python 3.14.2 on Darwin arm64,tests/test_countermand.py: 39 test(s) | heldout gate-countermand: gate-countermand-heldout: 7 of 7 held-out mutant(s) RED-CAPABLE,4a159ce28e8fc8c13a529bbbc8c04ab7242f01bfa0337b2bc1428472446d9c21
2026-09-23T02:57:40Z,gate-copy,red-capable,0.1.0,python 3.14.2 on Darwin arm64,tests/test_copy_vocabulary.py: 42 test(s) | heldout gate-copy: gate-copy-heldout: 9 of 9 held-out mutant(s) RED-CAPABLE,0cf36090b976b89491aa2523d9a7a23ed8e2a72c3aaba9749763c4b2e83c95dd
2026-09-23T02:57:40Z,gate-governance,red-capable,0.1.0,python 3.14.2 on Darwin arm64,tests/test_governance.py: 33 test(s) | heldout gate-governance: gate-governance-heldout: 8 of 8 held-out mutant(s) RED-CAPABLE,573d4ec02d71e4c985be7584d32227f84d22b095a387453f29b7ed9e483ac2dc
2026-09-23T02:57:40Z,gate-calibration,red-capable,0.1.0,python 3.14.2 on Darwin arm64,tests/test_calibration.py: 37 test(s) | heldout gate-calibration: gate-calibration-heldout: 10 of 10 held-out mutant(s) RED-CAPABLE,923c51ec94a276aee7c8a8760d75ef408375147ede3a97ac05e2607ec2fcf5c9
2026-09-23T02:57:40Z,gate-isolation,red-capable,0.1.0,python 3.14.2 on Darwin arm64,tests/test_no_corpus_literals.py: 18 test(s) | heldout gate-isolation: gate-isolation-heldout: 7 of 7 held-out mutant(s) RED-CAPABLE,062fc7b1c069deaeeb47c85ba7ec8a1c6e5792061fc71cc3bc90a5fc8be07364
2026-09-23T02:57:40Z,gate-manifest,red-capable,0.1.0,python 3.14.2 on Darwin arm64,tests/test_manifest.py: 20 test(s) | heldout gate-manifest: gate-manifest-heldout: 8 of 8 held-out mutant(s) RED-CAPABLE,67272117eaa78ccb1dfb1dbe89d9a2686a87fcfb325a44406ac54c20eae43983
2026-09-23T02:57:40Z,gate-contract,red-capable,0.1.0,python 3.14.2 on Darwin arm64,tests/test_contract_gate.py: 8 test(s) | heldout gate-contract: gate-contract-heldout: 7 of 7 held-out mutant(s) RED-CAPABLE,8652355826b1d03dbb96d95044c46979f3a37f181c9b82479f97e2aefb1c490a
2026-09-23T02:57:40Z,gate-imports,red-capable,0.1.0,python 3.14.2 on Darwin arm64,tests/test_imports_gate.py: 17 test(s) | heldout gate-imports: gate-imports-heldout: 6 of 6 held-out mutant(s) RED-CAPABLE,f529d270c879ad92286716a6e35f29d553571afe816df1d0016a295f2a4fa306
2026-09-23T02:57:40Z,gate-shadow,red-capable,0.1.0,python 3.14.2 on Darwin arm64,tests/test_no_stdlib_shadow.py: 9 test(s) | heldout gate-shadow: gate-shadow-heldout: 6 of 6 held-out mutant(s) RED-CAPABLE,ab0f5641d20343d863369e52ffe5de6effea01f5d7c06afbfdce64f0846ef4c0
2026-09-23T02:57:40Z,gate-sandbox,red-capable,0.1.0,python 3.14.2 on Darwin arm64,"script tools/negative_controls/sandbox_control.sh: sandbox-control: 7 of 7 mutant(s) RED-CAPABLE, each red naming the planted defect | tests/test_sandbox.py: 43 test(s) | heldout gate-sandbox: gate-sandbox-heldout: 7 of 7 held-out mutant(s) RED-CAPABLE",040562ba1e5fa909e159e49ab6ac39e627041b0f9013e21284bf1b86b07c29fa
2026-09-23T02:57:40Z,gate-membrane,red-capable,0.1.0,python 3.14.2 on Darwin arm64,"script tools/negative_controls/membrane_control.sh: membrane-control: 16 of 16 mutant(s) RED-CAPABLE, each red naming the planted defect | tests/test_membrane.py: 155 test(s) | heldout gate-membrane: gate-membrane-heldout: 10 of 10 held-out mutant(s) RED-CAPABLE",cc3291233ae99ba48969c40dc98fe1ca33bd7dc3524a63dd78891f7d9c888f88
2026-09-23T02:57:40Z,gate-reviewer,red-capable,0.1.0,python 3.14.2 on Darwin arm64,plants gate-reviewer: gate-reviewer control: 6 of 6 planted defect(s) named; baseline green | heldout gate-reviewer: gate-reviewer-heldout: 6 of 6 held-out mutant(s) RED-CAPABLE,cceb4bfb2606d0f31957c872e299c24718de6b8e0855e8477db93e404bf000f0
2026-09-23T02:57:40Z,gate-provenance,red-capable,0.1.0,python 3.14.2 on Darwin arm64,"script tools/negative_controls/provenance_control.sh: provenance-control: 6 of 6 mutant(s) RED-CAPABLE, each red naming the planted defect | heldout gate-provenance: provenance-heldout: 4 of 4 held-out mutant(s) RED-CAPABLE",a8851520852fb85f7abb7f453d9da4676b3b970b6a9ec40800a26b24a667a685
2026-09-23T02:57:40Z,gate-heldout,red-capable,0.1.0,python 3.14.2 on Darwin arm64,plants gate-heldout: gate-heldout control: 3 of 3 planted defect(s) named; baseline green | heldout gate-heldout: gate-heldout-heldout: 7 of 7 held-out mutant(s) RED-CAPABLE,3288607e71d7bd051997bc1afa9a875ae5fa5fbec05cd116960d383dcbf8c764
2026-09-23T02:57:40Z,gate-swap,red-capable,0.1.0,python 3.14.2 on Darwin arm64,tests/test_swap.py: 8 test(s) | heldout gate-swap: gate-swap-heldout: 5 of 5 held-out mutant(s) RED-CAPABLE,30466ced5575adf052c8ddaafba7300d1082507a738fad0739b6570728e0bd33
2026-09-23T02:57:40Z,gate-bindings,red-capable,0.1.0,python 3.14.2 on Darwin arm64,plants gate-bindings: gate-bindings control: 3 of 3 planted defect(s) named; baseline green | heldout gate-bindings: gate-bindings-heldout: 5 of 5 held-out mutant(s) RED-CAPABLE,80899520e3e5109c1aa4a207fdf99920cf4f9561b78c77a83e34c389c9e2a6c4
2026-09-23T02:57:40Z,gate-permissions,red-capable,0.1.0,python 3.14.2 on Darwin arm64,tests/test_permissions_gate.py: 12 test(s) | heldout gate-permissions: gate-permissions-heldout: 6 of 6 held-out mutant(s) RED-CAPABLE,b68d50d1dac7e41014ede872c81c3307e76c9ae768cace1446f59e48aabac8e4
2026-09-23T07:10:18Z,gate-version,red-capable,0.1.0,python 3.14.4 on Darwin arm64,plants gate-version: gate-version control: 3 of 3 planted defect(s) named; baseline green | heldout gate-version: gate-version-heldout: 5 of 5 held-out mutant(s) RED-CAPABLE,507d15f3c9682dfa6f6c70a5e8fea2e21f2586557a1a365be659bf4a3705ad84
2026-09-23T07:10:18Z,gate-claims,red-capable,0.1.0,python 3.14.4 on Darwin arm64,tests/test_claims.py: 40 test(s) | heldout gate-claims: gate-claims-heldout: 8 of 8 held-out mutant(s) RED-CAPABLE,8cc92dd068c02178b1737ee83d1e328a3c700f4d4a92b13d88f71d0cdbe4f8a8
2026-09-23T07:10:18Z,gate-spec,red-capable,0.1.0,python 3.14.4 on Darwin arm64,tests/test_spec.py: 72 test(s) | heldout gate-spec: gate-spec-heldout: 8 of 8 held-out mutant(s) RED-CAPABLE,b0beb20387d291b34efbee5ceb332051fc46b72a907092bafb1e433c9bc7d2bc
2026-09-23T07:10:18Z,gate-spec-mirror,red-capable,0.1.0,python 3.14.4 on Darwin arm64,tests/test_spec_bundle.py: 43 test(s) | heldout gate-spec-mirror: gate-spec-mirror-heldout: 8 of 8 held-out mutant(s) RED-CAPABLE,032e028f1272354ed2889731215e529deb261613f26cb00eef85d1f199dd5f11
2026-09-23T07:10:18Z,gate-records-mirror,red-capable,0.1.0,python 3.14.4 on Darwin arm64,tests/test_records_bundle.py: 90 test(s) | heldout gate-records-mirror: gate-records-mirror-heldout: 8 of 8 held-out mutant(s) RED-CAPABLE,2503a5fc72b00ce77f760869957cd15b65fe5de3390c034023c69715f908294a
2026-09-23T07:10:18Z,gate-countermand,red-capable,0.1.0,python 3.14.4 on Darwin arm64,tests/test_countermand.py: 39 test(s) | heldout gate-countermand: gate-countermand-heldout: 7 of 7 held-out mutant(s) RED-CAPABLE,7e485c9a58e1b693ae9bf64ca68b876ee4aea14a7b6465b6af4668d70c02bed4
2026-09-23T07:10:18Z,gate-copy,red-capable,0.1.0,python 3.14.4 on Darwin arm64,tests/test_copy_vocabulary.py: 42 test(s) | heldout gate-copy: gate-copy-heldout: 9 of 9 held-out mutant(s) RED-CAPABLE,8141916d8c2272ca76a7e6f223ba824a35e2c961b52990d59fd3a6595d14c9ff
2026-09-23T07:10:18Z,gate-family,out-of-tolerance,0.1.0,python 3.14.4 on Darwin arm64,tests/test_family.py: 28 test(s) | heldout gate-family: gate-family-heldout: 10 of 10 held-out mutant(s) RED-CAPABLE,838b3d6cc0771d36187ed098ae27e35147743ad2e9bfd46290e074584e75ab56
2026-09-23T07:10:18Z,gate-governance,red-capable,0.1.0,python 3.14.4 on Darwin arm64,tests/test_governance.py: 33 test(s) | heldout gate-governance: gate-governance-heldout: 8 of 8 held-out mutant(s) RED-CAPABLE,4a9850e2747ee7ea5b353e4fbfde8822626f293504558bbb803501f49ebda4a2
2026-09-23T07:10:18Z,gate-calibration,void,0.1.0,python 3.14.4 on Darwin arm64,tests/test_calibration.py: 37 test(s) | heldout gate-calibration: gate-calibration: 1 finding(s) at 2026-09-23T07:10:56Z,f7f265a2d1784c1b7d33fc61ed7d56f6e8c5c348c5ba05987050c4813aa3e69f
2026-09-23T07:10:18Z,gate-isolation,red-capable,0.1.0,python 3.14.4 on Darwin arm64,tests/test_no_corpus_literals.py: 18 test(s) | heldout gate-isolation: gate-isolation-heldout: 7 of 7 held-out mutant(s) RED-CAPABLE,6da93c0a912974fa32be5a3f2b843fbeec333b50770511e39c7d5e689f681421
2026-09-23T07:10:18Z,gate-manifest,red-capable,0.1.0,python 3.14.4 on Darwin arm64,tests/test_manifest.py: 20 test(s) | heldout gate-manifest: gate-manifest-heldout: 8 of 8 held-out mutant(s) RED-CAPABLE,c94b7838529f168aff58294d9c8474cdc84f843bfb5f02accc2d5473de43c4a2
2026-09-23T07:10:18Z,gate-contract,red-capable,0.1.0,python 3.14.4 on Darwin arm64,tests/test_contract_gate.py: 8 test(s) | heldout gate-contract: gate-contract-heldout: 7 of 7 held-out mutant(s) RED-CAPABLE,275e2d5cfd99a3a9a1337e9d2c01a86458aa74eae654846b352fb332ff2f1c45
2026-09-23T07:10:18Z,gate-imports,red-capable,0.1.0,python 3.14.4 on Darwin arm64,tests/test_imports_gate.py: 17 test(s) | heldout gate-imports: gate-imports-heldout: 6 of 6 held-out mutant(s) RED-CAPABLE,29713b7fcbaea82f429faa6ed677c0b17a5601399beeae6561572ad29608cf65
2026-09-23T07:10:18Z,gate-shadow,red-capable,0.1.0,python 3.14.4 on Darwin arm64,tests/test_no_stdlib_shadow.py: 9 test(s) | heldout gate-shadow: gate-shadow-heldout: 6 of 6 held-out mutant(s) RED-CAPABLE,518c6361151ce5d0caab9599ac597cf2bb37177d1d05bd9d88bb122c191b04cb
2026-09-23T07:10:18Z,gate-sandbox,red-capable,0.1.0,python 3.14.4 on Darwin arm64,"script tools/negative_controls/sandbox_control.sh: sandbox-control: 7 of 7 mutant(s) RED-CAPABLE, each red naming the planted defect | tests/test_sandbox.py: 43 test(s) | heldout gate-sandbox: gate-sandbox-heldout: 7 of 7 held-out mutant(s) RED-CAPABLE",e452bfe13816986e943efb0ea60e5fe8e79ff6d0f346a0b4b6cb8d0bd3c907b8
2026-09-23T07:10:18Z,gate-membrane,red-capable,0.1.0,python 3.14.4 on Darwin arm64,"script tools/negative_controls/membrane_control.sh: membrane-control: 16 of 16 mutant(s) RED-CAPABLE, each red naming the planted defect | tests/test_membrane.py: 155 test(s) | heldout gate-membrane: gate-membrane-heldout: 10 of 10 held-out mutant(s) RED-CAPABLE",38081f8f4dbc31d2f36784f2fb83c9077fa1f2c2947372fb111d050964f2512b
2026-09-23T07:10:18Z,gate-reviewer,red-capable,0.1.0,python 3.14.4 on Darwin arm64,plants gate-reviewer: gate-reviewer control: 6 of 6 planted defect(s) named; baseline green | heldout gate-reviewer: gate-reviewer-heldout: 6 of 6 held-out mutant(s) RED-CAPABLE,cceb4bfb2606d0f31957c872e299c24718de6b8e0855e8477db93e404bf000f0
2026-09-23T07:10:18Z,gate-provenance,red-capable,0.1.0,python 3.14.4 on Darwin arm64,"script tools/negative_controls/provenance_control.sh: provenance-control: 6 of 6 mutant(s) RED-CAPABLE, each red naming the planted defect | heldout gate-provenance: provenance-heldout: 4 of 4 held-out mutant(s) RED-CAPABLE",a8851520852fb85f7abb7f453d9da4676b3b970b6a9ec40800a26b24a667a685
2026-09-23T07:10:18Z,gate-heldout,red-capable,0.1.0,python 3.14.4 on Darwin arm64,plants gate-heldout: gate-heldout control: 3 of 3 planted defect(s) named; baseline green | heldout gate-heldout: gate-heldout-heldout: 7 of 7 held-out mutant(s) RED-CAPABLE,9bdda57babeb39baf6f61f4f43774d64e142dfc0dfe4214a42ae9897e6f50092
2026-09-23T07:10:18Z,gate-swap,red-capable,0.1.0,python 3.14.4 on Darwin arm64,tests/test_swap.py: 8 test(s) | heldout gate-swap: gate-swap-heldout: 5 of 5 held-out mutant(s) RED-CAPABLE,91606eaaa43f75f8b0cca99dce8cbb10c58e33c82c9b90fc813e09fd67516e26
2026-09-23T07:10:18Z,gate-bindings,red-capable,0.1.0,python 3.14.4 on Darwin arm64,plants gate-bindings: gate-bindings control: 3 of 3 planted defect(s) named; baseline green | heldout gate-bindings: gate-bindings-heldout: 5 of 5 held-out mutant(s) RED-CAPABLE,af7a1999cc722c36889bba405ac1dd93d52dd00d79c773cfc212603525cbce5f
2026-09-23T07:10:18Z,gate-permissions,red-capable,0.1.0,python 3.14.4 on Darwin arm64,tests/test_permissions_gate.py: 12 test(s) | heldout gate-permissions: gate-permissions-heldout: 6 of 6 held-out mutant(s) RED-CAPABLE,15f3742c8afa373f93d6d372f84fd1448bd3152fb3dd00db4f48d4736b41b47f
2026-09-23T07:13:19Z,gate-version,red-capable,0.1.0,python 3.14.4 on Darwin arm64,plants gate-version: gate-version control: 3 of 3 planted defect(s) named; baseline green | heldout gate-version: gate-version-heldout: 5 of 5 held-out mutant(s) RED-CAPABLE,507d15f3c9682dfa6f6c70a5e8fea2e21f2586557a1a365be659bf4a3705ad84
2026-09-23T07:13:19Z,gate-claims,red-capable,0.1.0,python 3.14.4 on Darwin arm64,tests/test_claims.py: 40 test(s) | heldout gate-claims: gate-claims-heldout: 8 of 8 held-out mutant(s) RED-CAPABLE,897423ff4c3150bc3ddb0184419aa9ed8fe42945d1f66a72a3b9780f7025a397
2026-09-23T07:13:19Z,gate-spec,red-capable,0.1.0,python 3.14.4 on Darwin arm64,tests/test_spec.py: 72 test(s) | heldout gate-spec: gate-spec-heldout: 8 of 8 held-out mutant(s) RED-CAPABLE,b0beb20387d291b34efbee5ceb332051fc46b72a907092bafb1e433c9bc7d2bc
2026-09-23T07:13:19Z,gate-spec-mirror,red-capable,0.1.0,python 3.14.4 on Darwin arm64,tests/test_spec_bundle.py: 43 test(s) | heldout gate-spec-mirror: gate-spec-mirror-heldout: 8 of 8 held-out mutant(s) RED-CAPABLE,fc9f0e1b60a20f0f5159d8914b262bf25f7100e69498065692e9325f80e8b611
2026-09-23T07:13:19Z,gate-records-mirror,red-capable,0.1.0,python 3.14.4 on Darwin arm64,tests/test_records_bundle.py: 90 test(s) | heldout gate-records-mirror: gate-records-mirror-heldout: 8 of 8 held-out mutant(s) RED-CAPABLE,f2836167923d2891edb5f5125690caa0388b933371cc0010207eb30df3b9c4bb
2026-09-23T07:13:19Z,gate-countermand,red-capable,0.1.0,python 3.14.4 on Darwin arm64,tests/test_countermand.py: 39 test(s) | heldout gate-countermand: gate-countermand-heldout: 7 of 7 held-out mutant(s) RED-CAPABLE,7e485c9a58e1b693ae9bf64ca68b876ee4aea14a7b6465b6af4668d70c02bed4
2026-09-23T07:13:19Z,gate-copy,red-capable,0.1.0,python 3.14.4 on Darwin arm64,tests/test_copy_vocabulary.py: 42 test(s) | heldout gate-copy: gate-copy-heldout: 9 of 9 held-out mutant(s) RED-CAPABLE,d60a4c043e98b5b0b92ec03bbb8777f5d19cf35627f9bcf420a7fe634af9a5ec
2026-09-23T07:13:19Z,gate-family,red-capable,0.1.0,python 3.14.4 on Darwin arm64,tests/test_family.py: 28 test(s) | heldout gate-family: gate-family-heldout: 10 of 10 held-out mutant(s) RED-CAPABLE,7f74996960b4b66c8e818c58359b452b8455ff09817825b4255c2a43a80aeb9c
2026-09-23T07:13:19Z,gate-governance,red-capable,0.1.0,python 3.14.4 on Darwin arm64,tests/test_governance.py: 33 test(s) | heldout gate-governance: gate-governance-heldout: 8 of 8 held-out mutant(s) RED-CAPABLE,4a9850e2747ee7ea5b353e4fbfde8822626f293504558bbb803501f49ebda4a2
2026-09-23T07:13:19Z,gate-calibration,void,0.1.0,python 3.14.4 on Darwin arm64,tests/test_calibration.py: 37 test(s) | heldout gate-calibration: gate-calibration: 1 finding(s) at 2026-09-23T07:13:57Z,18bd4e0c7dbe0141620bd69e5054b12c73bd15e648b0feb8280395e7c84aeafc
2026-09-23T07:13:19Z,gate-isolation,red-capable,0.1.0,python 3.14.4 on Darwin arm64,tests/test_no_corpus_literals.py: 18 test(s) | heldout gate-isolation: gate-isolation-heldout: 7 of 7 held-out mutant(s) RED-CAPABLE,9da1f0aefe7086f13527fe39077204abec597c14e2bd9a97fee5a391f1bcdb3c
2026-09-23T07:13:19Z,gate-manifest,red-capable,0.1.0,python 3.14.4 on Darwin arm64,tests/test_manifest.py: 20 test(s) | heldout gate-manifest: gate-manifest-heldout: 8 of 8 held-out mutant(s) RED-CAPABLE,23cf93bb45ff6eaf088ac27ca0d42fd95b723f6df3823f108533f1f0dbe02534
2026-09-23T07:13:19Z,gate-contract,red-capable,0.1.0,python 3.14.4 on Darwin arm64,tests/test_contract_gate.py: 8 test(s) | heldout gate-contract: gate-contract-heldout: 7 of 7 held-out mutant(s) RED-CAPABLE,d96205261731d31691ccdde429b082c6a2b6eb7a79b7d3950353bde8a8da7579
2026-09-23T07:13:19Z,gate-imports,red-capable,0.1.0,python 3.14.4 on Darwin arm64,tests/test_imports_gate.py: 17 test(s) | heldout gate-imports: gate-imports-heldout: 6 of 6 held-out mutant(s) RED-CAPABLE,efa2c19ece1d0f0e8fd24a55befe0a6f0e7b330b3a6851e6fb396347ef29c6c0
2026-09-23T07:13:19Z,gate-shadow,red-capable,0.1.0,python 3.14.4 on Darwin arm64,tests/test_no_stdlib_shadow.py: 9 test(s) | heldout gate-shadow: gate-shadow-heldout: 6 of 6 held-out mutant(s) RED-CAPABLE,c876cd22746301690d53e1e8d6ea287977de8d8c7266f8f4571a87ba1619819d
2026-09-23T07:13:19Z,gate-sandbox,red-capable,0.1.0,python 3.14.4 on Darwin arm64,"script tools/negative_controls/sandbox_control.sh: sandbox-control: 7 of 7 mutant(s) RED-CAPABLE, each red naming the planted defect | tests/test_sandbox.py: 43 test(s) | heldout gate-sandbox: gate-sandbox-heldout: 7 of 7 held-out mutant(s) RED-CAPABLE",ac1eb5520bcb28403cb687d3536458bd4a12512e06596e7d4464af5758906c34
2026-09-23T07:13:19Z,gate-membrane,red-capable,0.1.0,python 3.14.4 on Darwin arm64,"script tools/negative_controls/membrane_control.sh: membrane-control: 16 of 16 mutant(s) RED-CAPABLE, each red naming the planted defect | tests/test_membrane.py: 155 test(s) | heldout gate-membrane: gate-membrane-heldout: 10 of 10 held-out mutant(s) RED-CAPABLE",aa820f9c367453dd01057bd6507472e0518a4e6f341f05d44ab8a1a9edadb964
2026-09-23T07:13:19Z,gate-reviewer,red-capable,0.1.0,python 3.14.4 on Darwin arm64,plants gate-reviewer: gate-reviewer control: 6 of 6 planted defect(s) named; baseline green | heldout gate-reviewer: gate-reviewer-heldout: 6 of 6 held-out mutant(s) RED-CAPABLE,cceb4bfb2606d0f31957c872e299c24718de6b8e0855e8477db93e404bf000f0
2026-09-23T07:13:19Z,gate-provenance,red-capable,0.1.0,python 3.14.4 on Darwin arm64,"script tools/negative_controls/provenance_control.sh: provenance-control: 6 of 6 mutant(s) RED-CAPABLE, each red naming the planted defect | heldout gate-provenance: provenance-heldout: 4 of 4 held-out mutant(s) RED-CAPABLE",a8851520852fb85f7abb7f453d9da4676b3b970b6a9ec40800a26b24a667a685
2026-09-23T07:13:19Z,gate-heldout,red-capable,0.1.0,python 3.14.4 on Darwin arm64,plants gate-heldout: gate-heldout control: 3 of 3 planted defect(s) named; baseline green | heldout gate-heldout: gate-heldout-heldout: 7 of 7 held-out mutant(s) RED-CAPABLE,23029f59de87e2ca3940e277911af9b05f98e50b63f29f179fe2c4226245d208
2026-09-23T07:13:19Z,gate-swap,red-capable,0.1.0,python 3.14.4 on Darwin arm64,tests/test_swap.py: 8 test(s) | heldout gate-swap: gate-swap-heldout: 5 of 5 held-out mutant(s) RED-CAPABLE,91606eaaa43f75f8b0cca99dce8cbb10c58e33c82c9b90fc813e09fd67516e26
2026-09-23T07:13:19Z,gate-bindings,red-capable,0.1.0,python 3.14.4 on Darwin arm64,plants gate-bindings: gate-bindings control: 3 of 3 planted defect(s) named; baseline green | heldout gate-bindings: gate-bindings-heldout: 5 of 5 held-out mutant(s) RED-CAPABLE,36d47f2b744c1ead4971853f5bdd376f3ed8185f88df6854593f958cc5532f62
2026-09-23T07:13:19Z,gate-permissions,red-capable,0.1.0,python 3.14.4 on Darwin arm64,tests/test_permissions_gate.py: 12 test(s) | heldout gate-permissions: gate-permissions-heldout: 6 of 6 held-out mutant(s) RED-CAPABLE,aa1042b7c276e3693f80e050d723e6b1ecc136691b66f10301b3ee20d140e78b
2026-09-23T07:15:54Z,gate-version,red-capable,0.1.0,python 3.14.4 on Darwin arm64,plants gate-version: gate-version control: 3 of 3 planted defect(s) named; baseline green | heldout gate-version: gate-version-heldout: 5 of 5 held-out mutant(s) RED-CAPABLE,507d15f3c9682dfa6f6c70a5e8fea2e21f2586557a1a365be659bf4a3705ad84
2026-09-23T07:15:54Z,gate-claims,red-capable,0.1.0,python 3.14.4 on Darwin arm64,tests/test_claims.py: 40 test(s) | heldout gate-claims: gate-claims-heldout: 8 of 8 held-out mutant(s) RED-CAPABLE,897423ff4c3150bc3ddb0184419aa9ed8fe42945d1f66a72a3b9780f7025a397
2026-09-23T07:15:54Z,gate-spec,red-capable,0.1.0,python 3.14.4 on Darwin arm64,tests/test_spec.py: 72 test(s) | heldout gate-spec: gate-spec-heldout: 8 of 8 held-out mutant(s) RED-CAPABLE,b0beb20387d291b34efbee5ceb332051fc46b72a907092bafb1e433c9bc7d2bc
2026-09-23T07:15:54Z,gate-spec-mirror,red-capable,0.1.0,python 3.14.4 on Darwin arm64,tests/test_spec_bundle.py: 43 test(s) | heldout gate-spec-mirror: gate-spec-mirror-heldout: 8 of 8 held-out mutant(s) RED-CAPABLE,3c79ae7c4090e4f02d8ca35461d68a9d20d88881d35c68586aa502ff344bf5bf
2026-09-23T07:15:54Z,gate-records-mirror,red-capable,0.1.0,python 3.14.4 on Darwin arm64,tests/test_records_bundle.py: 90 test(s) | heldout gate-records-mirror: gate-records-mirror-heldout: 8 of 8 held-out mutant(s) RED-CAPABLE,ab0eb8587ca597444e77ebaa449e8f9ab4bfbbbef918e8a137312b0b103dcb0b
2026-09-23T07:15:54Z,gate-countermand,red-capable,0.1.0,python 3.14.4 on Darwin arm64,tests/test_countermand.py: 39 test(s) | heldout gate-countermand: gate-countermand-heldout: 7 of 7 held-out mutant(s) RED-CAPABLE,7e485c9a58e1b693ae9bf64ca68b876ee4aea14a7b6465b6af4668d70c02bed4
2026-09-23T07:15:54Z,gate-copy,red-capable,0.1.0,python 3.14.4 on Darwin arm64,tests/test_copy_vocabulary.py: 42 test(s) | heldout gate-copy: gate-copy-heldout: 9 of 9 held-out mutant(s) RED-CAPABLE,e3f50a810da44eec6392dc91e9e3293917c32df97fcd16452164cff63f8d977e
2026-09-23T07:15:54Z,gate-family,red-capable,0.1.0,python 3.14.4 on Darwin arm64,tests/test_family.py: 28 test(s) | heldout gate-family: gate-family-heldout: 10 of 10 held-out mutant(s) RED-CAPABLE,9d3c06277f11670e26bf00bb00d10408fd181644b26c2a752cebaec36ad18df4
2026-09-23T07:15:54Z,gate-governance,red-capable,0.1.0,python 3.14.4 on Darwin arm64,tests/test_governance.py: 33 test(s) | heldout gate-governance: gate-governance-heldout: 8 of 8 held-out mutant(s) RED-CAPABLE,65785ee37d48e755d8849ee5632f88c23812eaeb4797bd6d1c19c561c17dcc43
2026-09-23T07:15:54Z,gate-calibration,red-capable,0.1.0,python 3.14.4 on Darwin arm64,tests/test_calibration.py: 37 test(s) | heldout gate-calibration: gate-calibration-heldout: 10 of 10 held-out mutant(s) RED-CAPABLE,fa16d82be955f730b9891bb734c59d19d5c44e61cee95ae4d4b280c30eaee377
2026-09-23T07:15:54Z,gate-isolation,red-capable,0.1.0,python 3.14.4 on Darwin arm64,tests/test_no_corpus_literals.py: 18 test(s) | heldout gate-isolation: gate-isolation-heldout: 7 of 7 held-out mutant(s) RED-CAPABLE,db13f7253fcf61d5d5fa3dcbc036ebe43e000b2e4f63dc4a9b3e91f2822a8b09
2026-09-23T07:15:54Z,gate-manifest,red-capable,0.1.0,python 3.14.4 on Darwin arm64,tests/test_manifest.py: 20 test(s) | heldout gate-manifest: gate-manifest-heldout: 8 of 8 held-out mutant(s) RED-CAPABLE,52aecd060f9877ae689d9abd1a78694d5653846db861ca8d2138babbbe7b55ad
2026-09-23T07:15:54Z,gate-contract,red-capable,0.1.0,python 3.14.4 on Darwin arm64,tests/test_contract_gate.py: 8 test(s) | heldout gate-contract: gate-contract-heldout: 7 of 7 held-out mutant(s) RED-CAPABLE,27e4f8673b50288debbf1d316c6a65560cdc1549acc9562c73430e2f9d83e822
2026-09-23T07:15:54Z,gate-imports,red-capable,0.1.0,python 3.14.4 on Darwin arm64,tests/test_imports_gate.py: 17 test(s) | heldout gate-imports: gate-imports-heldout: 6 of 6 held-out mutant(s) RED-CAPABLE,a61410bd2e5f3c472c2e72b0b1b786e9c5f6728dc905f342f0e88bd90b7f1256
2026-09-23T07:15:54Z,gate-shadow,red-capable,0.1.0,python 3.14.4 on Darwin arm64,tests/test_no_stdlib_shadow.py: 9 test(s) | heldout gate-shadow: gate-shadow-heldout: 6 of 6 held-out mutant(s) RED-CAPABLE,974580b892238e745f6060ed885ddf30f184b0b2f68949277c2050be64f364f4
2026-09-23T07:15:54Z,gate-sandbox,red-capable,0.1.0,python 3.14.4 on Darwin arm64,"script tools/negative_controls/sandbox_control.sh: sandbox-control: 7 of 7 mutant(s) RED-CAPABLE, each red naming the planted defect | tests/test_sandbox.py: 43 test(s) | heldout gate-sandbox: gate-sandbox-heldout: 7 of 7 held-out mutant(s) RED-CAPABLE",f017445514c4197948d8b1ad1fae5bffe9e12411e9b6fe6617342032dbbbcd47
2026-09-23T07:15:54Z,gate-membrane,red-capable,0.1.0,python 3.14.4 on Darwin arm64,"script tools/negative_controls/membrane_control.sh: membrane-control: 16 of 16 mutant(s) RED-CAPABLE, each red naming the planted defect | tests/test_membrane.py: 155 test(s) | heldout gate-membrane: gate-membrane-heldout: 10 of 10 held-out mutant(s) RED-CAPABLE",fe509737c41397fce878b9ab1bce67a38c58481e4d19f5e0cbacfbb1785a68bb
2026-09-23T07:15:54Z,gate-reviewer,red-capable,0.1.0,python 3.14.4 on Darwin arm64,plants gate-reviewer: gate-reviewer control: 6 of 6 planted defect(s) named; baseline green | heldout gate-reviewer: gate-reviewer-heldout: 6 of 6 held-out mutant(s) RED-CAPABLE,cceb4bfb2606d0f31957c872e299c24718de6b8e0855e8477db93e404bf000f0
2026-09-23T07:15:54Z,gate-provenance,red-capable,0.1.0,python 3.14.4 on Darwin arm64,"script tools/negative_controls/provenance_control.sh: provenance-control: 6 of 6 mutant(s) RED-CAPABLE, each red naming the planted defect | heldout gate-provenance: provenance-heldout: 4 of 4 held-out mutant(s) RED-CAPABLE",a8851520852fb85f7abb7f453d9da4676b3b970b6a9ec40800a26b24a667a685
2026-09-23T07:15:54Z,gate-heldout,red-capable,0.1.0,python 3.14.4 on Darwin arm64,plants gate-heldout: gate-heldout control: 3 of 3 planted defect(s) named; baseline green | heldout gate-heldout: gate-heldout-heldout: 7 of 7 held-out mutant(s) RED-CAPABLE,783a9d0c935619692a728fe6566377eb1de554fdfffe083befc4f36946fdda55
2026-09-23T07:15:54Z,gate-swap,red-capable,0.1.0,python 3.14.4 on Darwin arm64,tests/test_swap.py: 8 test(s) | heldout gate-swap: gate-swap-heldout: 5 of 5 held-out mutant(s) RED-CAPABLE,00f68dc9530fc0df404e43e01c5a8f3baf4bea3489b9d208529c89828a8a45a2
2026-09-23T07:15:54Z,gate-bindings,red-capable,0.1.0,python 3.14.4 on Darwin arm64,plants gate-bindings: gate-bindings control: 3 of 3 planted defect(s) named; baseline green | heldout gate-bindings: gate-bindings-heldout: 5 of 5 held-out mutant(s) RED-CAPABLE,725682e716d0c2755ae62756a5d5f7f42e461f90a68b0b313abe977f9dbb7720
2026-09-23T07:15:54Z,gate-permissions,red-capable,0.1.0,python 3.14.4 on Darwin arm64,tests/test_permissions_gate.py: 12 test(s) | heldout gate-permissions: gate-permissions-heldout: 6 of 6 held-out mutant(s) RED-CAPABLE,a72ceed07c380681f3f9eb3dbd6bb6b0ef668a19de4dff29bc782f5e325accc2
2026-09-23T12:45:00Z,gate-workorder,red-capable,0.1.0,python 3.14.2 on Darwin arm64,tests/test_workorder.py: 34 test(s),ddac180b216ae9502b3b74ea401490bb5550e158618b9f8bddb8d4133d44e989
2026-09-23T12:56:26Z,gate-workorder,red-capable,0.1.0,python 3.14.2 on Darwin arm64,tests/test_workorder.py: 38 test(s),32c05d7625c072a5fd20100c1bd77920a76cb6ba073b2a7b98f12445ed30636a
2026-09-23T13:25:07Z,gate-workorder,void,0.1.0,python 3.14.2 on Darwin arm64,"tests/test_workorder.py: 38 test(s) | heldout gate-workorder: $AERO_CONTROLS names no controls directory, so the held-out control could not run",da729875e984c1e2bcd0ff422fa7811734ce501298460e75591a7f00a95d389c
2026-09-23T13:30:52Z,gate-workorder,red-capable,0.1.0,python 3.14.2 on Darwin arm64,tests/test_workorder.py: 38 test(s) | heldout gate-workorder: gate-workorder-heldout: 10 of 10 held-out mutant(s) RED-CAPABLE,2da104f0177cd3a37660918ad14a79ea74d8fe8e1bd27fd64a0b5248804fbf9b
2026-09-23T17:45:00Z,gate-qualification,red-capable,0.1.0,python 3.14.2 on Darwin arm64,tests/test_qualification.py: 57 test(s) | heldout gate-qualification: gate-qualification-heldout: 12 of 12 held-out mutant(s) RED-CAPABLE,19a8839235c5538793395c90ea48f5de84fa9cdebbad6ebc54b913bd0f3fbf20
2026-09-23T19:15:00Z,gate-identifiers,red-capable,0.1.0,python 3.14.2 on Darwin arm64,tests/test_families.py: 73 test(s) | heldout gate-identifiers: gate-identifiers-heldout: 13 of 13 held-out mutant(s) RED-CAPABLE,096d5f32622d09b02cd71af461f73c709eeb7cb0919c654db809fbae7ddfbe33
2026-09-24T18:12:24Z,gate-version,red-capable,0.1.0,python 3.14.4 on Darwin arm64,plants gate-version: gate-version control: 3 of 3 planted defect(s) named; baseline green | heldout gate-version: gate-version-heldout: 5 of 5 held-out mutant(s) RED-CAPABLE,4f6950fa7316b233ebe4e1eeccfc98eccdd0a0a48bb0d032eb38ca2946845655
2026-09-24T18:12:24Z,gate-workorder,red-capable,0.1.0,python 3.14.4 on Darwin arm64,tests/test_workorder.py: 38 test(s) | heldout gate-workorder: gate-workorder-heldout: 10 of 10 held-out mutant(s) RED-CAPABLE,1e7a4fac3966880dca874e8c94c32527caaeb5cd153ad423c040507d11644711
2026-09-24T18:12:24Z,gate-claims,red-capable,0.1.0,python 3.14.4 on Darwin arm64,tests/test_claims.py: 49 test(s) | heldout gate-claims: gate-claims-heldout: 8 of 8 held-out mutant(s) RED-CAPABLE,a6f09047c1fc9d232a536ee95fb4e34e688bc15738d84e1e3fa831bd9c128ee2
2026-09-24T18:12:24Z,gate-qualification,red-capable,0.1.0,python 3.14.4 on Darwin arm64,tests/test_qualification.py: 59 test(s) | heldout gate-qualification: gate-qualification-heldout: 12 of 12 held-out mutant(s) RED-CAPABLE,54c567542ff17b83bf0b068f52a2154973bfe779230fdf16b8d7e4da8dabc4c0
2026-09-24T18:12:24Z,gate-identifiers,red-capable,0.1.0,python 3.14.4 on Darwin arm64,tests/test_families.py: 73 test(s) | heldout gate-identifiers: gate-identifiers-heldout: 13 of 13 held-out mutant(s) RED-CAPABLE,f199d28fac8f56d89f07b0f5b2e2737cf6702f4770e8f732a654f42d82556172
2026-09-24T18:12:24Z,gate-spec,red-capable,0.1.0,python 3.14.4 on Darwin arm64,tests/test_spec.py: 72 test(s) | heldout gate-spec: gate-spec-heldout: 8 of 8 held-out mutant(s) RED-CAPABLE,4147c2911d84c4e69b28af278ba155baf9ff5bfea96945b2d7c584c900459ca1
2026-09-24T18:12:24Z,gate-spec-mirror,red-capable,0.1.0,python 3.14.4 on Darwin arm64,tests/test_spec_bundle.py: 43 test(s) | heldout gate-spec-mirror: gate-spec-mirror-heldout: 8 of 8 held-out mutant(s) RED-CAPABLE,9c64388d4f15a95a5614d4df33fdf00404c655fdb93cddc31f611b6f559a918d
2026-09-24T18:12:24Z,gate-records-mirror,out-of-tolerance,0.1.0,python 3.14.4 on Darwin arm64,tests/test_records_bundle.py: 20 test(s) | heldout gate-records-mirror: no verdict line,45baa30276e776f21b9aed613675f00b2ce426614544c65bb942699596d4f4a2
2026-09-24T18:12:24Z,gate-countermand,red-capable,0.1.0,python 3.14.4 on Darwin arm64,tests/test_countermand.py: 39 test(s) | heldout gate-countermand: gate-countermand-heldout: 7 of 7 held-out mutant(s) RED-CAPABLE,4a159ce28e8fc8c13a529bbbc8c04ab7242f01bfa0337b2bc1428472446d9c21
2026-09-24T18:12:24Z,gate-copy,red-capable,0.1.0,python 3.14.4 on Darwin arm64,tests/test_copy_vocabulary.py: 47 test(s) | heldout gate-copy: gate-copy-heldout: 9 of 9 held-out mutant(s) RED-CAPABLE,24ff950a00a785c0faaa4eb27dfb5d6e0c69f55a23c0012b6a4b94da3b02806a
2026-09-24T18:12:24Z,gate-retired,red-capable,0.1.0,python 3.14.4 on Darwin arm64,tests/test_retired_names.py: 24 test(s) | heldout gate-retired: gate-retired-heldout: 5 of 5 held-out mutant(s) RED-CAPABLE,d7ce26688d72a45c025e1e1b8c228304659ef251e885b5c7825c4fd6318fff8d
2026-09-24T18:12:24Z,gate-family,red-capable,0.1.0,python 3.14.4 on Darwin arm64,tests/test_family.py: 44 test(s) | heldout gate-family: gate-family-heldout: 10 of 10 held-out mutant(s) RED-CAPABLE,249babf5825978b0f8970f63d4f2ed798134ea40bb548adf4aa7e4679abc085e
2026-09-24T18:12:24Z,gate-governance,red-capable,0.1.0,python 3.14.4 on Darwin arm64,tests/test_governance.py: 33 test(s) | heldout gate-governance: gate-governance-heldout: 8 of 8 held-out mutant(s) RED-CAPABLE,fe0153c6e7d290391f630c116145e9450642d5a9ee1e6dd3725ee13dfde97c1a
2026-09-24T18:12:24Z,gate-calibration,void,0.1.0,python 3.14.4 on Darwin arm64,tests/test_calibration.py: 37 test(s) | heldout gate-calibration: gate-calibration: 1 finding(s) at 2026-09-24T18:13:17Z,8cb47a4a540c815623323acbdee05e03b80574694be1fa4be91a7575b1c76e30
2026-09-24T18:12:24Z,gate-isolation,red-capable,0.1.0,python 3.14.4 on Darwin arm64,tests/test_no_corpus_literals.py: 18 test(s) | heldout gate-isolation: gate-isolation-heldout: 7 of 7 held-out mutant(s) RED-CAPABLE,62d8ff5df57a948baab700bef300bdbef591c84abed1dd5948fdd27f7630287f
2026-09-24T18:12:24Z,gate-manifest,red-capable,0.1.0,python 3.14.4 on Darwin arm64,tests/test_manifest.py: 20 test(s) | heldout gate-manifest: gate-manifest-heldout: 8 of 8 held-out mutant(s) RED-CAPABLE,0b61736033804c06707f036ef20356f1d1697f5f0a6eeb7d89f902885d609645
2026-09-24T18:12:24Z,gate-contract,red-capable,0.1.0,python 3.14.4 on Darwin arm64,tests/test_contract_gate.py: 8 test(s) | heldout gate-contract: gate-contract-heldout: 7 of 7 held-out mutant(s) RED-CAPABLE,139b63a4a4bf1fdbabfdb76f22662a5903496d6a82ae2ecf56d2fae642f5d86b
2026-09-24T18:12:24Z,gate-imports,red-capable,0.1.0,python 3.14.4 on Darwin arm64,tests/test_imports_gate.py: 17 test(s) | heldout gate-imports: gate-imports-heldout: 6 of 6 held-out mutant(s) RED-CAPABLE,93504155343f654dc6263b58b25e23f9dd532cfbfeaf616553825fd46e5a9bba
2026-09-24T18:12:24Z,gate-shadow,red-capable,0.1.0,python 3.14.4 on Darwin arm64,tests/test_no_stdlib_shadow.py: 9 test(s) | heldout gate-shadow: gate-shadow-heldout: 6 of 6 held-out mutant(s) RED-CAPABLE,4748dec51fc44fd2138c6e27aba47f727d6ccf1c13178708442f1df06efa47d9
2026-09-24T18:12:24Z,gate-sandbox,red-capable,0.1.0,python 3.14.4 on Darwin arm64,"script tools/negative_controls/sandbox_control.sh: sandbox-control: 7 of 7 mutant(s) RED-CAPABLE, each red naming the planted defect | tests/test_sandbox.py: 43 test(s) | heldout gate-sandbox: gate-sandbox-heldout: 7 of 7 held-out mutant(s) RED-CAPABLE",024d5dc07a349b680a715be57210537c76ff3a4dea30d1a993aacafb59264263
2026-09-24T18:12:24Z,gate-membrane,red-capable,0.1.0,python 3.14.4 on Darwin arm64,"script tools/negative_controls/membrane_control.sh: membrane-control: 16 of 16 mutant(s) RED-CAPABLE, each red naming the planted defect | tests/test_membrane.py: 155 test(s) | heldout gate-membrane: gate-membrane-heldout: 10 of 10 held-out mutant(s) RED-CAPABLE",2637f2bb94256b4b4076f01b08825f58d7768a38f4b2084690e6e8e5df3d2b40
2026-09-24T18:12:24Z,gate-reviewer,red-capable,0.1.0,python 3.14.4 on Darwin arm64,plants gate-reviewer: gate-reviewer control: 6 of 6 planted defect(s) named; baseline green | heldout gate-reviewer: gate-reviewer-heldout: 6 of 6 held-out mutant(s) RED-CAPABLE,cceb4bfb2606d0f31957c872e299c24718de6b8e0855e8477db93e404bf000f0
2026-09-24T18:12:24Z,gate-provenance,red-capable,0.1.0,python 3.14.4 on Darwin arm64,"script tools/negative_controls/provenance_control.sh: provenance-control: 6 of 6 mutant(s) RED-CAPABLE, each red naming the planted defect | heldout gate-provenance: provenance-heldout: 4 of 4 held-out mutant(s) RED-CAPABLE",a8851520852fb85f7abb7f453d9da4676b3b970b6a9ec40800a26b24a667a685
2026-09-24T18:12:24Z,gate-heldout,red-capable,0.1.0,python 3.14.4 on Darwin arm64,plants gate-heldout: gate-heldout control: 3 of 3 planted defect(s) named; baseline green | heldout gate-heldout: gate-heldout-heldout: 7 of 7 held-out mutant(s) RED-CAPABLE,4fedbe137b3b3a2f2fbb189b8641e6dedbdfd865a5d9b89fb480585d596fdaa9
2026-09-24T18:12:24Z,gate-swap,red-capable,0.1.0,python 3.14.4 on Darwin arm64,tests/test_swap.py: 8 test(s) | heldout gate-swap: gate-swap-heldout: 5 of 5 held-out mutant(s) RED-CAPABLE,e9aaaee9dea5d614615c2304fc089e7c20ae244ccfef986667a197fa17ee3786
2026-09-24T18:12:24Z,gate-bindings,red-capable,0.1.0,python 3.14.4 on Darwin arm64,plants gate-bindings: gate-bindings control: 3 of 3 planted defect(s) named; baseline green | heldout gate-bindings: gate-bindings-heldout: 5 of 5 held-out mutant(s) RED-CAPABLE,aed051062820d3188753e358da60c3c1a2d1d270f2b37a11893663491a2700ee
2026-09-24T18:12:24Z,gate-permissions,red-capable,0.1.0,python 3.14.4 on Darwin arm64,tests/test_permissions_gate.py: 12 test(s) | heldout gate-permissions: gate-permissions-heldout: 6 of 6 held-out mutant(s) RED-CAPABLE,6fa5fbe940eb755b5d029911b68f0c9e0b5225491ce899c0293f107c0a9426c1
2026-09-24T18:18:00Z,gate-version,red-capable,0.1.0,python 3.14.4 on Darwin arm64,plants gate-version: gate-version control: 3 of 3 planted defect(s) named; baseline green | heldout gate-version: gate-version-heldout: 5 of 5 held-out mutant(s) RED-CAPABLE,4f6950fa7316b233ebe4e1eeccfc98eccdd0a0a48bb0d032eb38ca2946845655
2026-09-24T18:18:00Z,gate-workorder,red-capable,0.1.0,python 3.14.4 on Darwin arm64,tests/test_workorder.py: 38 test(s) | heldout gate-workorder: gate-workorder-heldout: 10 of 10 held-out mutant(s) RED-CAPABLE,cddfb4dd0a17995c78f532422a3cf157da280310033041e9a3858d914edd4a99
2026-09-24T18:18:00Z,gate-claims,red-capable,0.1.0,python 3.14.4 on Darwin arm64,tests/test_claims.py: 49 test(s) | heldout gate-claims: gate-claims-heldout: 8 of 8 held-out mutant(s) RED-CAPABLE,7320b461b011fc0519eddb3b7b07e8e592bf432a3941ba312b0afa3d4feb59ce
2026-09-24T18:18:00Z,gate-qualification,red-capable,0.1.0,python 3.14.4 on Darwin arm64,tests/test_qualification.py: 59 test(s) | heldout gate-qualification: gate-qualification-heldout: 12 of 12 held-out mutant(s) RED-CAPABLE,2dd68ee28607065b2821d0ad9b36a5600ecfd8691a66e585e2085f3f0ca1f5f9
2026-09-24T18:18:00Z,gate-identifiers,red-capable,0.1.0,python 3.14.4 on Darwin arm64,tests/test_families.py: 73 test(s) | heldout gate-identifiers: gate-identifiers-heldout: 13 of 13 held-out mutant(s) RED-CAPABLE,b37549950e8dedbfccffc389edfe7bf85e69d09420eb4d7ddfac3480dbd5306c
2026-09-24T18:18:00Z,gate-spec,red-capable,0.1.0,python 3.14.4 on Darwin arm64,tests/test_spec.py: 72 test(s) | heldout gate-spec: gate-spec-heldout: 8 of 8 held-out mutant(s) RED-CAPABLE,08835cfe785000c6553281ce3f031429061f433d307e37d102117e8e76e710c6
2026-09-24T18:18:00Z,gate-spec-mirror,red-capable,0.1.0,python 3.14.4 on Darwin arm64,tests/test_spec_bundle.py: 43 test(s) | heldout gate-spec-mirror: gate-spec-mirror-heldout: 8 of 8 held-out mutant(s) RED-CAPABLE,60901447a831064123a33d1d7792b74f1d0a403a11fc86fb059d775eb9d72ff4
2026-09-24T18:18:00Z,gate-records-mirror,red-capable,0.1.0,python 3.14.4 on Darwin arm64,tests/test_records_bundle.py: 99 test(s) | heldout gate-records-mirror: gate-records-mirror-heldout: 8 of 8 held-out mutant(s) RED-CAPABLE,bef1801d5afdb53229617268132beb2b060260e56778ed362224033634da8910
2026-09-24T18:18:00Z,gate-countermand,red-capable,0.1.0,python 3.14.4 on Darwin arm64,tests/test_countermand.py: 39 test(s) | heldout gate-countermand: gate-countermand-heldout: 7 of 7 held-out mutant(s) RED-CAPABLE,7e485c9a58e1b693ae9bf64ca68b876ee4aea14a7b6465b6af4668d70c02bed4
2026-09-24T18:18:00Z,gate-copy,red-capable,0.1.0,python 3.14.4 on Darwin arm64,tests/test_copy_vocabulary.py: 47 test(s) | heldout gate-copy: gate-copy-heldout: 9 of 9 held-out mutant(s) RED-CAPABLE,412eaeb434380a1d3e9adc4cdc8b0753e703f6a357b159a2db62ff1b00eff680
2026-09-24T18:18:00Z,gate-retired,red-capable,0.1.0,python 3.14.4 on Darwin arm64,tests/test_retired_names.py: 24 test(s) | heldout gate-retired: gate-retired-heldout: 5 of 5 held-out mutant(s) RED-CAPABLE,5e530bcd6dd754ca3f384ee5529dcdae83700b153c7e3615c2d4375110059d39
2026-09-24T18:18:00Z,gate-family,red-capable,0.1.0,python 3.14.4 on Darwin arm64,tests/test_family.py: 44 test(s) | heldout gate-family: gate-family-heldout: 10 of 10 held-out mutant(s) RED-CAPABLE,10676d07683c445467705a15199c770004907eebceb3881d92bd965e1723a64c
2026-09-24T18:18:00Z,gate-governance,red-capable,0.1.0,python 3.14.4 on Darwin arm64,tests/test_governance.py: 33 test(s) | heldout gate-governance: gate-governance-heldout: 8 of 8 held-out mutant(s) RED-CAPABLE,fe0153c6e7d290391f630c116145e9450642d5a9ee1e6dd3725ee13dfde97c1a
2026-09-24T18:18:00Z,gate-calibration,void,0.1.0,python 3.14.4 on Darwin arm64,tests/test_calibration.py: 37 test(s) | heldout gate-calibration: gate-calibration: 1 finding(s) at 2026-09-24T18:19:09Z,b6dd55eb92b2a638abf75c7ad7498b0a1fc4b000164f7344d903efa4a399660b
2026-09-24T18:18:00Z,gate-isolation,red-capable,0.1.0,python 3.14.4 on Darwin arm64,tests/test_no_corpus_literals.py: 18 test(s) | heldout gate-isolation: gate-isolation-heldout: 7 of 7 held-out mutant(s) RED-CAPABLE,cd8a4f3a6e88eed5df136edb378dce138def041686c4c16407eca47c2ff65cb4
2026-09-24T18:18:00Z,gate-manifest,red-capable,0.1.0,python 3.14.4 on Darwin arm64,tests/test_manifest.py: 20 test(s) | heldout gate-manifest: gate-manifest-heldout: 8 of 8 held-out mutant(s) RED-CAPABLE,38a99748af33c20e136d34afb5b5fd697780003026f2f71832ec00f1c8b27317
2026-09-24T18:18:00Z,gate-contract,red-capable,0.1.0,python 3.14.4 on Darwin arm64,tests/test_contract_gate.py: 8 test(s) | heldout gate-contract: gate-contract-heldout: 7 of 7 held-out mutant(s) RED-CAPABLE,d815fc0609559489c5b6331aa92e62c3875beb957371b00fd140ecfe79942161
2026-09-24T18:18:00Z,gate-imports,red-capable,0.1.0,python 3.14.4 on Darwin arm64,tests/test_imports_gate.py: 17 test(s) | heldout gate-imports: gate-imports-heldout: 6 of 6 held-out mutant(s) RED-CAPABLE,7b7930613c805ef7825a8fd690cc458c3b0fc63df31aa4a2d8febd4e8018724c
2026-09-24T18:18:00Z,gate-shadow,red-capable,0.1.0,python 3.14.4 on Darwin arm64,tests/test_no_stdlib_shadow.py: 9 test(s) | heldout gate-shadow: gate-shadow-heldout: 6 of 6 held-out mutant(s) RED-CAPABLE,2ef0a1a609eb00305bdbcd486c97eb4a30da07b2a3d617d3015afd443c1b4c74
2026-09-24T18:18:00Z,gate-sandbox,red-capable,0.1.0,python 3.14.4 on Darwin arm64,"script tools/negative_controls/sandbox_control.sh: sandbox-control: 7 of 7 mutant(s) RED-CAPABLE, each red naming the planted defect | tests/test_sandbox.py: 43 test(s) | heldout gate-sandbox: gate-sandbox-heldout: 7 of 7 held-out mutant(s) RED-CAPABLE",e431a4e524c6423a933d0a7a7bbeaa6d3b00bb390bf543b5c401de83697b5f75
2026-09-24T18:18:00Z,gate-membrane,red-capable,0.1.0,python 3.14.4 on Darwin arm64,"script tools/negative_controls/membrane_control.sh: membrane-control: 16 of 16 mutant(s) RED-CAPABLE, each red naming the planted defect | tests/test_membrane.py: 155 test(s) | heldout gate-membrane: gate-membrane-heldout: 10 of 10 held-out mutant(s) RED-CAPABLE",2ccf95b4487bedb9bc461c321c5cf7cd61f13f3a6d7b8b9ac0795ff874df32e0
2026-09-24T18:18:00Z,gate-reviewer,red-capable,0.1.0,python 3.14.4 on Darwin arm64,plants gate-reviewer: gate-reviewer control: 6 of 6 planted defect(s) named; baseline green | heldout gate-reviewer: gate-reviewer-heldout: 6 of 6 held-out mutant(s) RED-CAPABLE,cceb4bfb2606d0f31957c872e299c24718de6b8e0855e8477db93e404bf000f0
2026-09-24T18:18:00Z,gate-provenance,red-capable,0.1.0,python 3.14.4 on Darwin arm64,"script tools/negative_controls/provenance_control.sh: provenance-control: 6 of 6 mutant(s) RED-CAPABLE, each red naming the planted defect | heldout gate-provenance: provenance-heldout: 4 of 4 held-out mutant(s) RED-CAPABLE",a8851520852fb85f7abb7f453d9da4676b3b970b6a9ec40800a26b24a667a685
2026-09-24T18:18:00Z,gate-heldout,red-capable,0.1.0,python 3.14.4 on Darwin arm64,plants gate-heldout: gate-heldout control: 3 of 3 planted defect(s) named; baseline green | heldout gate-heldout: gate-heldout-heldout: 7 of 7 held-out mutant(s) RED-CAPABLE,31671ec713da53341d05782b005258c00de757731040c47fd4138647f27add74
2026-09-24T18:18:00Z,gate-swap,red-capable,0.1.0,python 3.14.4 on Darwin arm64,tests/test_swap.py: 8 test(s) | heldout gate-swap: gate-swap-heldout: 5 of 5 held-out mutant(s) RED-CAPABLE,2a306d7cadaf48c386520388673926b3c165afab13ccd0f041c7cb051f1bf2b4
2026-09-24T18:18:00Z,gate-bindings,red-capable,0.1.0,python 3.14.4 on Darwin arm64,plants gate-bindings: gate-bindings control: 3 of 3 planted defect(s) named; baseline green | heldout gate-bindings: gate-bindings-heldout: 5 of 5 held-out mutant(s) RED-CAPABLE,3ffdc62a35b4e8a4da89bedfbb6d60a2d73dbf37a840d53d092302c09aea8fb6
2026-09-24T18:18:00Z,gate-permissions,red-capable,0.1.0,python 3.14.4 on Darwin arm64,tests/test_permissions_gate.py: 12 test(s) | heldout gate-permissions: gate-permissions-heldout: 6 of 6 held-out mutant(s) RED-CAPABLE,fe73f3f11d03efe473349cb3f346eb4acaaab1d15fd589f8c278ede0961dd803
2026-09-24T18:21:31Z,gate-version,red-capable,0.1.0,python 3.14.4 on Darwin arm64,plants gate-version: gate-version control: 3 of 3 planted defect(s) named; baseline green | heldout gate-version: gate-version-heldout: 5 of 5 held-out mutant(s) RED-CAPABLE,4f6950fa7316b233ebe4e1eeccfc98eccdd0a0a48bb0d032eb38ca2946845655
2026-09-24T18:21:31Z,gate-workorder,red-capable,0.1.0,python 3.14.4 on Darwin arm64,tests/test_workorder.py: 38 test(s) | heldout gate-workorder: gate-workorder-heldout: 10 of 10 held-out mutant(s) RED-CAPABLE,cddfb4dd0a17995c78f532422a3cf157da280310033041e9a3858d914edd4a99
2026-09-24T18:21:31Z,gate-claims,red-capable,0.1.0,python 3.14.4 on Darwin arm64,tests/test_claims.py: 49 test(s) | heldout gate-claims: gate-claims-heldout: 8 of 8 held-out mutant(s) RED-CAPABLE,5b99317c9f335aab3e55347faf1d7ef5de6763bf63e467deab28d17d5b2deecf
2026-09-24T18:21:31Z,gate-qualification,red-capable,0.1.0,python 3.14.4 on Darwin arm64,tests/test_qualification.py: 59 test(s) | heldout gate-qualification: gate-qualification-heldout: 12 of 12 held-out mutant(s) RED-CAPABLE,2dd68ee28607065b2821d0ad9b36a5600ecfd8691a66e585e2085f3f0ca1f5f9
2026-09-24T18:21:31Z,gate-identifiers,red-capable,0.1.0,python 3.14.4 on Darwin arm64,tests/test_families.py: 73 test(s) | heldout gate-identifiers: gate-identifiers-heldout: 13 of 13 held-out mutant(s) RED-CAPABLE,b37549950e8dedbfccffc389edfe7bf85e69d09420eb4d7ddfac3480dbd5306c
2026-09-24T18:21:31Z,gate-spec,red-capable,0.1.0,python 3.14.4 on Darwin arm64,tests/test_spec.py: 72 test(s) | heldout gate-spec: gate-spec-heldout: 8 of 8 held-out mutant(s) RED-CAPABLE,08835cfe785000c6553281ce3f031429061f433d307e37d102117e8e76e710c6
2026-09-24T18:21:31Z,gate-spec-mirror,red-capable,0.1.0,python 3.14.4 on Darwin arm64,tests/test_spec_bundle.py: 43 test(s) | heldout gate-spec-mirror: gate-spec-mirror-heldout: 8 of 8 held-out mutant(s) RED-CAPABLE,d4049ac44ee49840d6b608a95a5956abeceab66f3250f41312b9bde235410056
2026-09-24T18:21:31Z,gate-records-mirror,red-capable,0.1.0,python 3.14.4 on Darwin arm64,tests/test_records_bundle.py: 99 test(s) | heldout gate-records-mirror: gate-records-mirror-heldout: 8 of 8 held-out mutant(s) RED-CAPABLE,357c042fee72f91f799b80b7964016f162184e44854cce3b60dc0fc7833ef913
2026-09-24T18:21:31Z,gate-countermand,red-capable,0.1.0,python 3.14.4 on Darwin arm64,tests/test_countermand.py: 39 test(s) | heldout gate-countermand: gate-countermand-heldout: 7 of 7 held-out mutant(s) RED-CAPABLE,7e485c9a58e1b693ae9bf64ca68b876ee4aea14a7b6465b6af4668d70c02bed4
2026-09-24T18:21:31Z,gate-copy,red-capable,0.1.0,python 3.14.4 on Darwin arm64,tests/test_copy_vocabulary.py: 47 test(s) | heldout gate-copy: gate-copy-heldout: 9 of 9 held-out mutant(s) RED-CAPABLE,eb7ac57d493ca88d7715e1099fe5455b53f53b08ae8d5e4637f78a0e3908cd22
2026-09-24T18:21:31Z,gate-retired,red-capable,0.1.0,python 3.14.4 on Darwin arm64,tests/test_retired_names.py: 24 test(s) | heldout gate-retired: gate-retired-heldout: 5 of 5 held-out mutant(s) RED-CAPABLE,ec2b3d4b1a42c8a8ce0fe5d318a34cfcd5f80b3da99ae2948bd12f76b227529a
2026-09-24T18:21:31Z,gate-family,red-capable,0.1.0,python 3.14.4 on Darwin arm64,tests/test_family.py: 44 test(s) | heldout gate-family: gate-family-heldout: 10 of 10 held-out mutant(s) RED-CAPABLE,866841d651f035eb071d19884ec9f07731c87e86fdce59da36f81eb1d50ec36c
2026-09-24T18:21:31Z,gate-governance,red-capable,0.1.0,python 3.14.4 on Darwin arm64,tests/test_governance.py: 33 test(s) | heldout gate-governance: gate-governance-heldout: 8 of 8 held-out mutant(s) RED-CAPABLE,fe0153c6e7d290391f630c116145e9450642d5a9ee1e6dd3725ee13dfde97c1a
2026-09-24T18:21:31Z,gate-calibration,red-capable,0.1.0,python 3.14.4 on Darwin arm64,tests/test_calibration.py: 37 test(s) | heldout gate-calibration: gate-calibration-heldout: 10 of 10 held-out mutant(s) RED-CAPABLE,8fcb514a8c73c09f21658d9d2acc2534aaead9769dc5e7082a28750b07a7d543
2026-09-24T18:21:31Z,gate-isolation,red-capable,0.1.0,python 3.14.4 on Darwin arm64,tests/test_no_corpus_literals.py: 18 test(s) | heldout gate-isolation: gate-isolation-heldout: 7 of 7 held-out mutant(s) RED-CAPABLE,7b77a2317398c45ecdf20adce90db97dee05cc78257500a633c46bb95cf1aa60
2026-09-24T18:21:31Z,gate-manifest,red-capable,0.1.0,python 3.14.4 on Darwin arm64,tests/test_manifest.py: 20 test(s) | heldout gate-manifest: gate-manifest-heldout: 8 of 8 held-out mutant(s) RED-CAPABLE,e087b5166ebe92402660a6bd2198e2c5c708b94d5114f61187bc5d7957123620
2026-09-24T18:21:31Z,gate-contract,red-capable,0.1.0,python 3.14.4 on Darwin arm64,tests/test_contract_gate.py: 8 test(s) | heldout gate-contract: gate-contract-heldout: 7 of 7 held-out mutant(s) RED-CAPABLE,d6dfcdff132267897fd535ed1db8d421364d88e9f8567a5fd785ce411bdbbeb2
2026-09-24T18:21:31Z,gate-imports,red-capable,0.1.0,python 3.14.4 on Darwin arm64,tests/test_imports_gate.py: 17 test(s) | heldout gate-imports: gate-imports-heldout: 6 of 6 held-out mutant(s) RED-CAPABLE,dbb7ef4882c7cb045a12c364b77ec00aa8eb4a6135b2ff6fa190cfd80e6229ac
2026-09-24T18:21:31Z,gate-shadow,red-capable,0.1.0,python 3.14.4 on Darwin arm64,tests/test_no_stdlib_shadow.py: 9 test(s) | heldout gate-shadow: gate-shadow-heldout: 6 of 6 held-out mutant(s) RED-CAPABLE,14b2eb82ec4eaa5b82759e0d891e3ebf4ca13530abd569d0d559ae07ede2c066
2026-09-24T18:21:31Z,gate-sandbox,red-capable,0.1.0,python 3.14.4 on Darwin arm64,"script tools/negative_controls/sandbox_control.sh: sandbox-control: 7 of 7 mutant(s) RED-CAPABLE, each red naming the planted defect | tests/test_sandbox.py: 43 test(s) | heldout gate-sandbox: gate-sandbox-heldout: 7 of 7 held-out mutant(s) RED-CAPABLE",94027cf1870eb3868e30f95a22839db6a9caabc713e89cb9bf3aecbc2ff4d40d
2026-09-24T18:21:31Z,gate-membrane,red-capable,0.1.0,python 3.14.4 on Darwin arm64,"script tools/negative_controls/membrane_control.sh: membrane-control: 16 of 16 mutant(s) RED-CAPABLE, each red naming the planted defect | tests/test_membrane.py: 155 test(s) | heldout gate-membrane: gate-membrane-heldout: 10 of 10 held-out mutant(s) RED-CAPABLE",52df8d8966b0fe80b5a6c122f4a1070b88fea180a4ec6e1777038a8b23925cc8
2026-09-24T18:21:31Z,gate-reviewer,red-capable,0.1.0,python 3.14.4 on Darwin arm64,plants gate-reviewer: gate-reviewer control: 6 of 6 planted defect(s) named; baseline green | heldout gate-reviewer: gate-reviewer-heldout: 6 of 6 held-out mutant(s) RED-CAPABLE,cceb4bfb2606d0f31957c872e299c24718de6b8e0855e8477db93e404bf000f0
2026-09-24T18:21:31Z,gate-provenance,red-capable,0.1.0,python 3.14.4 on Darwin arm64,"script tools/negative_controls/provenance_control.sh: provenance-control: 6 of 6 mutant(s) RED-CAPABLE, each red naming the planted defect | heldout gate-provenance: provenance-heldout: 4 of 4 held-out mutant(s) RED-CAPABLE",a8851520852fb85f7abb7f453d9da4676b3b970b6a9ec40800a26b24a667a685
2026-09-24T18:21:31Z,gate-heldout,red-capable,0.1.0,python 3.14.4 on Darwin arm64,plants gate-heldout: gate-heldout control: 3 of 3 planted defect(s) named; baseline green | heldout gate-heldout: gate-heldout-heldout: 7 of 7 held-out mutant(s) RED-CAPABLE,e887041202dca18be74ef4883de3088652058de7dfc4fbe00879a9f279517e28
2026-09-24T18:21:31Z,gate-swap,red-capable,0.1.0,python 3.14.4 on Darwin arm64,tests/test_swap.py: 8 test(s) | heldout gate-swap: gate-swap-heldout: 5 of 5 held-out mutant(s) RED-CAPABLE,648c25ae99db9db6b38c107a0e0318b5f5ad96eff1473446fe90c06da2e84a43
2026-09-24T18:21:31Z,gate-bindings,red-capable,0.1.0,python 3.14.4 on Darwin arm64,plants gate-bindings: gate-bindings control: 3 of 3 planted defect(s) named; baseline green | heldout gate-bindings: gate-bindings-heldout: 5 of 5 held-out mutant(s) RED-CAPABLE,307929a921df3c76a01fedcc0e4e17ca5587a7fef89caa0fcdce56b0b861ec61
2026-09-24T18:21:31Z,gate-permissions,red-capable,0.1.0,python 3.14.4 on Darwin arm64,tests/test_permissions_gate.py: 12 test(s) | heldout gate-permissions: gate-permissions-heldout: 6 of 6 held-out mutant(s) RED-CAPABLE,4d791954e983fd2b5b553c0cb43db11923c645835d8479a71cfbd7be5f027d89
